epoch,alpha,task_loss,cons_loss,coh_loss,total_loss,mean_s,mean_mu,drift_real
0,1.0,0.1290980690550801,0.9119522498883924,0.0011633865132570764,0.5856558872559048,0.9397898020053509,0.7592261546475229,0.0
1,1.0,0.1250210253052006,0.8974268640529363,0.0011907449911278028,0.5743298298272326,0.9326511929981782,0.7560296156833137,0.0006303735338542625
2,1.0,0.12488662346145797,0.8892331530589798,0.001210661424581832,0.5701085307032387,0.9282424864589042,0.7538738870985756,0.0012604687125017144
3,1.0,0.13122082915664074,0.9233992248264646,0.0011409724121861139,0.5934909277759661,0.9455983895994319,0.7624319199077895,0.0018900073036493678
4,1.0,0.1317497409788731,0.9239456502095816,0.0011400282744396175,0.5942925802208837,0.9458791837539184,0.762694974627254,0.002518711320777607
5,1.0,0.13046824411214375,0.9190211288393199,0.0011497305914408614,0.5905536738275241,0.9434414260933106,0.7616569193810954,0.003146303145891208
6,1.0,0.13229761813791865,0.9260568578663083,0.001136497047744511,0.5958942955949451,0.9469291670100658,0.7634129349757665,0.0037725056521076324
7,1.0042165516729429,0.13316448523605864,0.9365927951753898,0.0011139207618298885,0.6020178432046686,0.9523852959310465,0.766226914615489,0.004397042326028455
8,1.0042165516729429,0.12895216424071604,0.9089287188756106,0.0011707575870430348,0.5840019024720429,0.9383543966494632,0.7595190799274052,0.005019637389839898
9,1.0042165516729429,0.1289861249745218,0.9214927623089153,0.001141746742396807,0.5903033795001779,0.9450386515957002,0.7630322269630679,0.0056400159230885465
10,1.0042165516729429,0.1298878390762494,0.9102294350177706,0.0011697863304211075,0.5855874497503453,0.9389048377111846,0.7599028325983354,0.006257903984078488
11,1.0042165516729429,0.13253551069795663,0.9258927193632979,0.001138382030957453,0.5960510613950843,0.9468107542504108,0.7637927535470058,0.006873028730836249
12,1.0042165516729429,0.12568654965875387,0.902140423432205,0.001181551160294697,0.5773475369550037,0.9352629092902892,0.7585587005967893,0.007485118541590127
13,1.0042165516729429,0.13214186125587216,0.9196214685797636,0.0011511947552278194,0.5925281929233679,0.9436527451611568,0.7624324098721019,0.008093903134710728
14,1.0076396200118558,0.12344121946700805,0.9019597332986067,0.0011778294012928802,0.5750100008169579,0.9355547358316224,0.7590641530596963,0.008699113688059713
15,1.0076396200118558,0.12629104785156614,0.8991314994960821,0.0011896358481198748,0.5764516155236672,0.9336075673324987,0.7578821038616999,0.009300482957694096
16,1.0076396200118558,0.12769018827580356,0.9064707135704113,0.0011749444057023034,0.5815130172638604,0.9373136714852729,0.7597201035468315,0.009897745395873644
17,1.0076396200118558,0.13158553248084992,0.9140913258266832,0.0011640941673707764,0.5892132424778769,0.9407701908917954,0.7612064954257756,0.010490637268319277
18,1.0076396200118558,0.13016618289007362,0.9163191078444815,0.0011554664551356854,0.5889034700398822,0.942257624399504,0.7621846294034743,0.011078896770670718
19,1.0076396200118558,0.12980595039238055,0.9209523022414116,0.001144776517470723,0.5908544897718216,0.9447253874061274,0.7634798680751246,0.011662264144091902
20,1.0076396200118558,0.1268266598321184,0.8985019652151327,0.0011926766359512664,0.5766739807576604,0.9331900031424878,0.7578290614880357,0.012240481789973189
21,1.0076396200118558,0.12072846669402507,0.8812841517927787,0.0012236055902846885,0.5619823453855568,0.9248487301910036,0.7540395058951272,0.012813294383679652
22,1.0076396200118558,0.13319364755783614,0.9306563353455964,0.0011276124912158046,0.5990856214762423,0.9494131673248744,0.7657004659888754,0.013380448987295243
23,1.0076396200118558,0.1287153359271768,0.9045334912680606,0.001181445221489453,0.5815728041719518,0.9361571842554343,0.7592772968782404,0.013941695161313057
24,1.0076396200118558,0.13269676094676322,0.934219171468618,0.0011184788735100534,0.6003655861178272,0.951383313613715,0.7667723431583509,0.01449678507522237
25,1.0076396200118558,0.11834677680972357,0.8513183779532404,0.0012968843440493022,0.5446544079583684,0.9086607047368668,0.7456328334996111,0.015045473616943625
26,1.0101415296687624,0.12954611452117695,0.9031378039200396,0.001187512162636612,0.5817087725625151,0.9351774262321113,0.758645753051703,0.015587518501063007
27,1.0101415296687624,0.13313426725460448,0.9311559970465392,0.0011267051371203825,0.5992756183464343,0.9496618902623281,0.765827246173262,0.016122680375818873
28,1.0101415296687624,0.128913645251428,0.8991665967690342,0.001195068599078738,0.5790944779354845,0.933204730761788,0.7576943698953315,0.016650722928792758
29,1.0101415296687624,0.12198092700225631,0.882580144651969,0.0012229031513373214,0.5638824509039094,0.9253384184800902,0.7541712050639294,0.01717141299125827
30,1.0118894601377133,0.13008709746429306,0.9149639421304857,0.001158776462691052,0.5881484567608815,0.9415397892362073,0.7618796689217489,0.017684520641141847
31,1.0118894601377133,0.12931488007681197,0.910746153304153,0.0011683964511769198,0.5852721549544769,0.9393189374677595,0.7607145179407977,0.01818981930454987
32,1.0118894601377133,0.13321830586292155,0.9288837922673583,0.001132350808286349,0.5982263774007439,0.948398625638864,0.765017280843699,0.018687085855817322
33,1.0118894601377133,0.12704746598751557,0.9071262958398716,0.0011716659811023065,0.5811964468980025,0.9378185067197045,0.7601111098488548,0.01917610071603378
34,1.0118894601377133,0.1259396987692883,0.901316699892014,0.0011837126884855149,0.577189905059538,0.9348524629993877,0.7586098469042536,0.019656647950003305
35,1.0146925314420223,0.12821431433623656,0.9069804103371607,0.0011740669987335235,0.5822915530041837,0.9375388271379993,0.759750700104736,0.02012851536159534
36,1.0146925314420223,0.12291864678232026,0.870695264993285,0.001254867278024311,0.5588937129179748,0.9185780635068871,0.7501546857648674,0.020591494587444525
37,1.0146925314420223,0.12652679340912662,0.8956019572051879,0.00119918802016563,0.5749273660218034,0.9315918420805447,0.7566283181370194,0.02104538118895813
38,1.0146925314420223,0.12412090937760727,0.8741895424933587,0.00124857889627059,0.5618399700724219,0.9202427172892704,0.7507565929138453,0.02148997474259035
39,1.0146925314420223,0.12465873113864215,0.8908346983552901,0.0012068243613176783,0.570679492496946,0.9293223726665124,0.7554692202294365,0.02192507892834372
40,1.0146925314420223,0.12392577951340626,0.883897752991569,0.0012232766629783113,0.5664862943406799,0.925596369340162,0.7534492214981531,0.022350501616458504
41,1.0146925314420223,0.12437915215722507,0.877234229530165,0.0012406570484355796,0.5636165954465254,0.9218649555164784,0.7513484064029561,0.022766054952251754
42,1.0146925314420223,0.12833436633930337,0.890277341454063,0.0012164818998880666,0.574081278016279,0.9282385512766732,0.7542026617700718,0.0231715554390687
43,1.0146925314420223,0.12461510790660822,0.8903011739109974,0.001208246325118503,0.5703698180246661,0.9289417703332818,0.7548517882232152,0.023566824019309665
44,1.0146925314420223,0.13191759171645265,0.9190101729094183,0.0011523774853203867,0.591998866913822,0.9432213083578853,0.7615193943050558,0.023951686153496875
45,1.0146925314420223,0.13271347508160516,0.9142551054369541,0.0011656921497542915,0.5904238738749593,0.9404718925577951,0.7598773827679508,0.024325971897346192
46,1.0146925314420223,0.12603274540672943,0.8897149746474856,0.001212163116217474,0.5714963142885809,0.9283259033376732,0.7540400911981316,0.024689515976809694
47,1.0146925314420223,0.1226864074392157,0.8777801271882836,0.0012354005469519876,0.5621941713068335,0.9223458537115224,0.7510578215118224,0.02504215786105608
48,1.0171506980558267,0.12404743714026147,0.8794994525472806,0.001233559568874253,0.5644139431983389,0.9230377785887108,0.7511656772651982,0.025383741833356538
49,1.0171506980558267,0.13088341379412907,0.9209094902460812,0.0011460042247003165,0.5919111610295198,0.9442822957779925,0.7614864430142606,0.02571411705984489
50,1.0171506980558267,0.12417661571447945,0.8834525690265014,0.0012233698176416987,0.566514585136551,0.925161984654307,0.7520029725102759,0.026033137656121558
51,1.018165382648616,0.12493745552776905,0.8774773347954995,0.001240860637331544,0.5642965532441846,0.9216357465941004,0.749853292124052,0.02634066275167201
52,1.0187275505576558,0.13003381590101884,0.904915669172125,0.001182604368134094,0.5830829526711484,0.9357227788569885,0.7566520764715943,0.026636556552071255
53,1.0187275505576558,0.12113239483867547,0.8590535771397709,0.0012798564125199275,0.5512991116148209,0.9120779823650593,0.7447977227441466,0.026920688398946777
54,1.022227068479295,0.12221352554989358,0.879071164257994,0.0012306492217551458,0.5623644322897682,0.9229445071564252,0.7503330356875321,0.02719293282767363
55,1.022227068479295,0.1215674623288188,0.8772929499830359,0.0012326428157690532,0.5608302587282212,0.922134681792152,0.7498462030718268,0.027453169622776087
56,1.022227068479295,0.1294712800076537,0.8918185712410964,0.001213649015481818,0.5759873901359428,0.9285422155896584,0.7522223280913202,0.0277012838710114
57,1.022227068479295,0.12666002918109373,0.8857306508443242,0.0012223019028055459,0.5701365055546587,0.9257388349556559,0.7508606755763135,0.02793716601211224
58,1.022227068479295,0.13013963272597812,0.9033768541053503,0.0011865568795960942,0.5824213382184513,0.9346516905052944,0.7549879391829523,0.028160711887165457
59,1.022227068479295,0.12897572659654646,0.9000693889408736,0.0011913836350888425,0.5796061128845277,0.9330940161327096,0.7541299492412394,0.028371822784605694
60,1.022227068479295,0.12325892505044973,0.8888869014479972,0.001206598345238753,0.5683056749470677,0.9280337148775908,0.7518520387529498,0.028570405483803664
61,1.022227068479295,0.12211442003192463,0.8712583836926893,0.00124886449972364,0.5583680441281311,0.9184601797041528,0.7466439554888362,0.028756372296229727
62,1.022227068479295,0.1289610826558215,0.9036185117042042,0.0011826438128838465,0.5813616604143654,0.9349046504635066,0.754457832155265,0.028929641104174696
63,1.022227068479295,0.13075586076415266,0.921269653997795,0.0011437349033162573,0.5919625552147083,0.9441125051192384,0.7588797550922362,0.029090135397010698
64,1.022116826342193,0.12375274604694109,0.8920060586782569,0.001199515875524471,0.5703555333238317,0.9295050922635381,0.7517317673024559,0.02923778430497612
65,1.022116826342193,0.12375905511709914,0.8850160905072848,0.0012162965259089786,0.566875248633696,0.9256650514860006,0.749497661373727,0.02937252263046968
66,1.022116826342193,0.12818686109077368,0.8961251511188265,0.0011982846188162948,0.5768485789595951,0.9308659544529565,0.751560928923969,0.029494290876839895
67,1.022116826342193,0.12532171426868896,0.8772921201679029,0.00123930990127689,0.5645874293032789,0.9209767880418976,0.7463519317130558,0.02960303527465707
68,1.022116826342193,0.1276647485857678,0.8930660552159982,0.0012045334854698597,0.5748000429365019,0.9292046587249587,0.7502669862940351,0.029698707805456415
69,1.022116826342193,0.12762692208444923,0.8879290134110482,0.0012169378384687796,0.5721998977092078,0.9263518427649134,0.7485266984582063,0.029781266222941617
70,1.022116826342193,0.12792482659172405,0.9074248995428927,0.001170427988634751,0.5822224903574877,0.9368742105614081,0.7537711063130293,0.029850674071639636
71,1.022116826342193,0.12244859037375373,0.8745202478378301,0.001239092558078584,0.5603282605717081,0.9198652800371878,0.7451113426833206,0.02990690070299839
72,1.0219484755361334,0.12390226697384746,0.8835561418238237,0.0012189067969772228,0.566289791284248,0.924581307613434,0.7472547970858265,0.029949921288920312
73,1.0219484755361334,0.12167335201596073,0.8841403582601076,0.0012129861595060784,0.5643500242257675,0.9252532345935316,0.7475671381845767,0.029979716832725753
74,1.0219484755361334,0.12265445524916938,0.865665852725743,0.0012615009804274296,0.5561181321022546,0.9147639231050368,0.7415907275691485,0.02999627417754133
75,1.0219484755361334,0.12362015441979757,0.8817855182906802,0.0012219423767338624,0.5651238847535046,0.9235512580459088,0.745982958002996,0.029999586012109693
76,1.0219484755361334,0.12076986237062712,0.8729019270968588,0.0012378444200520722,0.5578397481290825,0.919135803835861,0.7436618560210579,0.029989650874017927
77,1.0219484755361334,0.13054051681691412,0.9115954414110603,0.0011647001140149148,0.5869205875794518,0.9383865954004185,0.7525312393794239,0.02996647315034332
78,1.0219484755361334,0.1236931818648702,0.8885066917036886,0.0012051926105654408,0.5685491240219972,0.9270942655726734,0.7470548100177755,0.029930063075716173
79,1.0219484755361334,0.13106288465702695,0.9069731779708421,0.0011765467168203636,0.5851377470008582,0.9356813555890359,0.7505234361865835,0.02988043672780046
80,1.0219484755361334,0.12626160575689047,0.8924672670775486,0.0012004474868363816,0.573095463039083,0.928700605039368,0.7471067865374753,0.029817616020194376
81,1.0219484755361334,0.12121349200797316,0.8743745865877334,0.0012340335122906164,0.5590178020579851,0.9196546135664512,0.7425442966789079,0.02974162869275392
82,1.0219484755361334,0.12277103734727556,0.8789987613752734,0.001225815314220523,0.5628833256920225,0.9218579347220617,0.7432728067974821,0.02965250829934377
83,1.0219484755361334,0.12126800645415385,0.8558464757097574,0.0012806916155862552,0.5498315901168257,0.909187445310476,0.7363389143237332,0.029550294193020805
84,1.0219484755361334,0.12285698569501359,0.8686720169878295,0.0012513513026218399,0.5578186698402393,0.9160053658982764,0.7395667489996383,0.02943503150865694
85,1.0219484755361334,0.12222507015527988,0.866039529150176,0.0012564517884609697,0.5558730606245984,0.914610131676474,0.7385938038208856,0.029306771143008812
86,1.0219484755361334,0.13033839062314817,0.9166823246392369,0.0011513702815978191,0.5892552380835656,0.9407670155195539,0.7512942332411792,0.02916556973224321
87,1.0219484755361334,0.12571220464266106,0.8893407008857238,0.0012057007636573829,0.5709854054673517,0.9267640323112006,0.7441621396915947,0.02901148962692815
88,1.0310508790239021,0.12248401320438516,0.8746879389809938,0.001235358456389353,0.5604456619230768,0.919179180531664,0.7401246056847511,0.028844598864500602
89,1.0310508790239021,0.12096269830053333,0.8828756739367327,0.0012116231385859496,0.5630063468381926,0.9239846447696148,0.7425652628954964,0.028664971139223096
90,1.0310508790239021,0.1293340304213018,0.9036311460377502,0.0011788537310659939,0.5817390303057098,0.9337217478403244,0.7465767614034666,0.02847268576964238
91,1.0310508790239021,0.12286823620796834,0.8656021970479312,0.0012576200700679461,0.5562981447669679,0.9139307575048606,0.7364161078284716,0.028267827663564615
92,1.0310508790239021,0.12287639908463177,0.8836334437467575,0.0012125621558979093,0.5652994020359594,0.9239397406019754,0.7414994367301316,0.028050487280562444
93,1.0326802240951056,0.12572379329108171,0.8917166035031526,0.0011994395238025142,0.5721818148045593,0.9277369197698798,0.7428927905621158,0.027820760592030622
94,1.0326802240951056,0.12303339096463316,0.8569773808350872,0.001278977225696974,0.5521615699950252,0.9088992076044586,0.7327894586100933,0.02757874903880774
95,1.0326802240951056,0.1275745686310187,0.8911801518713744,0.0012036942595350403,0.5737664916964734,0.9270214447759049,0.7417594551920045,0.027324559486382793
96,1.0326802240951056,0.12517480853500237,0.8649825220180939,0.0012632204435930312,0.5582976797658459,0.9128299612532997,0.7340847753780192,0.02705830417770641
97,1.0326802240951056,0.1258354270073947,0.8679231980832725,0.0012571912082742025,0.560425621653168,0.914280758235467,0.7344911488000304,0.026780100683627496
98,1.0326802240951056,0.1189439207730333,0.8585628464217949,0.0012642395005947997,0.5488574637342282,0.9105018224899143,0.7329413242157303,0.0264900718509773
99,1.0349469719426203,0.12144894736605295,0.8701220519288473,0.0012407392596217965,0.5571303429602875,0.9164085183704364,0.7355582605894592,0.026188345748323672
100,1.0349469719426203,0.12477793807763707,0.8778020915224797,0.0012286670860699016,0.5642933173819119,0.9199698146379396,0.7368284014933637,0.02587505560941961
101,1.0349469719426203,0.12329108359810345,0.8734054958004543,0.0012361784894183532,0.5606119207430398,0.917760568733975,0.7354940025242395,0.02555033977437098
102,1.0349469719426203,0.11395351944385036,0.8352228492116064,0.0013108205774114078,0.5322203543383592,0.8981813386616609,0.7256084117303235,0.025214341628549398
103,1.0349469719426203,0.13023085948236518,0.912288431191488,0.0011594406976699508,0.5869547954269441,0.9375627094996268,0.7445950809613523,0.024867209539277343
104,1.0349469719426203,0.11681474178647032,0.8471989237667411,0.0012864693931215084,0.5410574383664016,0.904240914815545,0.727987740965143,0.02450909679031326
105,1.0349469719426203,0.12251438619372994,0.8798439094844452,0.001218292375420943,0.563045487123663,0.9212835651813904,0.7362552664570722,0.024140161514165814
106,1.0349469719426203,0.12244423428971733,0.875400330617002,0.001228398665095061,0.5607585989307659,0.9187990339485755,0.734654671784872,0.02376056662226699
107,1.0349469719426203,0.12387480360637437,0.8839198301825815,0.0012106734609974937,0.5664400554281639,0.9231945351731978,0.7365585161807289,0.023370479733035042
108,1.0349469719426203,0.1230605612173762,0.8716702016305624,0.001238668023731931,0.5595149960445234,0.9164640583870615,0.7327289625885519,0.02297007309785883
109,1.0407167034724254,0.12138549992317853,0.8581083242892545,0.0012677974249447007,0.5510735607802781,0.9091855893199063,0.7287067708584785,0.022559523525036554
110,1.0407167034724254,0.13074838829181082,0.9173104146501857,0.0011475367240551056,0.5899773639789312,0.939910324706892,0.7437348938258348,0.02213901230170213
111,1.0418636743259224,0.12214395912405743,0.8581404553850464,0.0012687358468124576,0.5518485547399868,0.9089506283668974,0.7279248449624384,0.021708725113773912
112,1.0418636743259224,0.12588071779926105,0.8929500642543843,0.0011930763317426355,0.5729522880923245,0.9274937208574581,0.7371473581366386,0.021268851963961
113,1.0418636743259224,0.12370009832757478,0.8724008138711501,0.0012375377333086553,0.5605192741298042,0.9164583349587175,0.7311870153153237,0.02081958708786343
114,1.0418636743259224,0.12588480995026471,0.8826675879918242,0.0012170826442931865,0.5678271452683235,0.9216977104070698,0.7334898565214475,0.020361128868203154
115,1.0418636743259224,0.12328003528987555,0.8929617629737113,0.0011886514354855172,0.570355242494474,0.9277539002512322,0.7366190807017862,0.019893679747223857
116,1.0418636743259224,0.12141444478010192,0.8682059915138198,0.0012411711077473045,0.5561380260908855,0.9145365044643354,0.7295988856951726,0.01941744613729812
117,1.0418636743259224,0.1248261721002526,0.8912156288794199,0.0011943057042723688,0.5710311393920987,0.9265020608988477,0.7353020470311736,0.01893263832978158
118,1.0418636743259224,0.12225202744452522,0.8654588914787245,0.0012492858563475475,0.5556061161120612,0.9127153904063052,0.7279668791642501,0.018439470402154136
119,1.0418636743259224,0.12746078717642578,0.9008614275550508,0.0011772769454814237,0.5784801394266919,0.9311634873988808,0.7369306614544745,0.017938160123489373
120,1.0418636743259224,0.12706736594203033,0.8971606182564104,0.001184493483005361,0.5762399218117382,0.9291966380985587,0.7356802525440285,0.01742892885829389
121,1.0418636743259224,0.12119232586390098,0.8778137354019837,0.0012171390720205285,0.5607077631009031,0.9196791907772963,0.7309796210348296,0.016912001468758965
122,1.0418636743259224,0.12316868759954026,0.8717293839744882,0.0012357509768325206,0.5596512550752006,0.9158073223508942,0.728425211762786,0.01638760621546771
123,1.0418636743259224,0.12110462708764465,0.8640095881743863,0.0012491044649281975,0.5537339734073019,0.9119277124156074,0.7263273537931936,0.015855974656601643
124,1.0420945411648823,0.13247047858471792,0.9294854871604317,0.0011242211206372147,0.5977753327252524,0.9453652668985814,0.7424148897809671,0.01531734154569114
125,1.0420945411648823,0.12608115802602377,0.8975484612043108,0.0011815757756290122,0.5754461765159937,0.9293280009564674,0.7344923638421044,0.01477194472795481
126,1.043323311225763,0.13117174040431565,0.9207288980639008,0.001139643015097384,0.5921060109438148,0.9409056156571217,0.7397770428468569,0.014220025035273837
127,1.043564264989198,0.12627972121770756,0.8984219454780596,0.0011793803565760019,0.5760803841350254,0.9297145257987696,0.7341867180424965,0.013661826179847328
128,1.043564264989198,0.1252478681164747,0.8890964195375007,0.0011984767496615236,0.5703953162600559,0.9247485732379583,0.7314236865316521,0.013097594646575903
129,1.043564264989198,0.12543696573505,0.8950545910942146,0.0011853173708263527,0.5735569199675705,0.927931933484801,0.732827153884011,0.01252757958422089
130,1.043564264989198,0.1273799040986381,0.905196362374708,0.001166491246946068,0.5805613309094652,0.933028994005579,0.7350495816360637,0.011952032695387253
131,1.043564264989198,0.1259817063853535,0.8986215533732411,0.0011781897133928327,0.5758815779286705,0.9296897481168903,0.7332114935063452,0.011371208125378778
132,1.043564264989198,0.1261541775499654,0.885271403690377,0.0012088796737279965,0.5693943192320179,0.9222530467383389,0.7290309701637085,0.010785362349974707
133,1.043564264989198,0.12228811257885398,0.8752309364989674,0.0012231669595571168,0.5605151643081163,0.9175335687341086,0.7267419645764713,0.010194754062177232
134,1.043564264989198,0.12799035997245906,0.897208766750503,0.0011850221286329678,0.577187254412027,0.9283864358745102,0.7316330615597596,0.00959964405797994
135,1.043564264989198,0.1281559474140659,0.9082270570350722,0.0011607311834430129,0.5828498415233235,0.9343369857780666,0.7345078405410598,0.009000295121207655
136,1.043564264989198,0.1269485267767987,0.905844481394021,0.0011642282216046981,0.5804528815846115,0.9331799722454861,0.7337692790497748,0.008396971907478505
137,1.043564264989198,0.12494630408757282,0.8873639027919303,0.0012004080434681978,0.5692284595052721,0.9235249445505934,0.7287523112089731,0.007789940827339408
138,1.0437520710648416,0.13442058560772727,0.9343783879214904,0.0011166494632405969,0.6021681043000928,0.9470503559318523,0.7397946382614909,0.00717946992862673
139,1.0437520710648416,0.12758012901515842,0.9103912734289837,0.0011546940705256168,0.5833531127649131,0.9354709970307145,0.7343010870410807,0.006565828778103911
140,1.0437520710648416,0.12397136055817681,0.8995264573083137,0.0011719943226763366,0.5743205863736718,0.930193921994413,0.7316815093728067,0.005949288342428306
141,1.0437520710648416,0.12692694909658053,0.907581861721574,0.0011596374705587747,0.5812976986926469,0.9339862927189018,0.7331863752315638,0.005330120868499999
142,1.0437520710648416,0.12353305268333252,0.894721336184413,0.0011814735440865214,0.5714844575475823,0.9276009641462635,0.7299900013045258,0.004708599763245176
143,1.0437520710648416,0.12426474441920414,0.8767270744583433,0.0012220271960674105,0.5632392952464095,0.917625453922507,0.72454527123517,0.004084999472887399
144,1.0437520710648416,0.13120309476132527,0.9243226427305281,0.001131491947620956,0.5939301621003998,0.9421002775608108,0.7364118779940219,0.0034595953617598237
145,1.0437520710648416,0.12702089242081188,0.9064123451030341,0.0011618612970178434,0.5808079956208378,0.9332273985145745,0.7320611256787399,0.002832663590712079
146,1.0437520710648416,0.13246940377028363,0.9272682569919688,0.0011273272596454115,0.5966671958960907,0.9433952578709349,0.7366201172503619,0.002204480995165411
147,1.0437520710648416,0.12594797266307714,0.8902337300115786,0.0011949975377810505,0.571662336437757,0.924565886873914,0.7273184785779394,0.001575324962869964
148,1.0437520710648416,0.1249509898555774,0.8898001191792142,0.0011938303616231677,0.5704479646259961,0.9245144153686097,0.7272360635144824,0.0009454733114181084
149,1.0437520710648416,0.1305291366581505,0.9177996482515951,0.0011438591336355077,0.5900008903507657,0.9385756567189262,0.7338328814693401,0.00031520416556809035
150,1.0437520710648416,0.130534513417318,0.9329083964176343,0.0011130634826974893,0.5975452433674839,0.9465656096477412,0.7377299557636121,-0.000315204165568083
151,1.0437520710648416,0.12772888119905848,0.9069684905089147,0.0011615225824803874,0.581793887744756,0.9332353890070931,0.7310578768017496,-0.0009454733114181009
152,1.0437520710648416,0.12920437679565028,0.9182539310992383,0.0011401704928747656,0.5889014275917068,0.9390172055368219,0.733763740671282,-0.0015753249628699566
153,1.0437520710648416,0.13202416758166138,0.9259503460112346,0.0011290867994929914,0.5955638839870252,0.9425883694050692,0.7351979790388251,-0.002204480995165403
154,1.0437520710648416,0.130557368732591,0.9234188202102276,0.001132139573919674,0.5928328486246646,0.9414473800889025,0.7345989706967037,-0.0028326635907120713
155,1.0437520710648416,0.12984136923741862,0.9133248945377668,0.0011519524630658794,0.587079792737835,0.936141985394055,0.7318226328919446,-0.003459595361759816
156,1.0437520710648416,0.1291404190383841,0.9033070950149295,0.001171985237224298,0.581379959164461,0.930832847303695,0.729030871105741,-0.004084999472887392
157,1.0437520710648416,0.13157504343407225,0.926773120069382,0.0011265110889131353,0.5955248590132198,0.9430286402442117,0.7349865144359271,-0.00470859976324517
158,1.0437520710648416,0.12784964451070022,0.9037516184985235,0.0011682550328173899,0.5803095812763707,0.9313262166651006,0.7292096571770099,-0.005330120868499992
159,1.0437520710648416,0.1271171512926233,0.9133929469670274,0.001147212796129818,0.584387231174202,0.9365824853379469,0.731851246437322,-0.005949288342428298
160,1.0437520710648416,0.12533352477221443,0.8901103743708157,0.0011934677310776393,0.5709854458231611,0.9243145124458645,0.7255860940054069,-0.0065658287781039035
161,1.0437520710648416,0.12992998758426894,0.9195234578281098,0.0011392766109383553,0.590261354803793,0.9393181984095597,0.7328194618138681,-0.007179469928626722
162,1.0437520710648416,0.13051330467422645,0.9243296585758496,0.0011299489242880296,0.5932431084242953,0.941803697822784,0.7339777641211082,-0.007789940827339388
163,1.0437520710648416,0.1271651825573827,0.9085945404016224,0.0011567099189175995,0.5820408077176527,0.9339864032335913,0.7302097653934144,-0.008396971907478484
164,1.0437520710648416,0.13056522809022014,0.9102534817404366,0.0011589651502836907,0.5862714515355802,0.9342460626248803,0.7299774355227331,-0.009000295121207648
165,1.0438912216752025,0.13215461557179636,0.9327452384412911,0.0011156731192090155,0.5990850713520464,0.9459339152610473,0.7357181927547113,-0.009599644057979922
166,1.0438912216752025,0.12693783685384458,0.913169319107841,0.001146825447601698,0.584095909131566,0.9364434746655517,0.731297937886607,-0.010194754062177213
167,1.0438912216752025,0.12783787778067088,0.9283039705412266,0.0011183876500468245,0.5925490568763075,0.9442370110766605,0.735079872248422,-0.01078536234997469
168,1.0438912216752025,0.13341569563859695,0.9383806997667847,0.0011061902443173376,0.603159140644148,0.9486886750652296,0.7368633449141057,-0.011371208125378758
169,1.0438912216752025,0.1321681657188268,0.9407376861944962,0.0011001477577386573,0.6030870826949443,0.9500751954065786,0.7375938541904388,-0.011952032695387235
170,1.0438912216752025,0.12980305380333346,0.9325627768975361,0.0011126659534385264,0.5966407752288208,0.9461634596729371,0.735791530829856,-0.012527579584220882
171,1.0438912216752025,0.13072675272856768,0.9228234334827707,0.0011335389185956422,0.5927052389292509,0.9408573580521689,0.7330179074061604,-0.013097594646575884
172,1.0438912216752025,0.1347638348444272,0.9570839773612559,0.0010725457335007721,0.6138420963918055,0.9581505588708764,0.7413244378825261,-0.013661826179847309
173,1.0438912216752025,0.1335862665309979,0.9433200742669495,0.0010972919090451723,0.6057949496189953,0.9511731731113248,0.7379399151749013,-0.014220025035273818
174,1.0438912216752025,0.12635773871430794,0.9052976667967296,0.0011630195960536172,0.5795880819106995,0.932198816652167,0.728902781821572,-0.014771944727954794
175,1.0438912216752025,0.1285780341181728,0.9178325224521143,0.0011397737349047984,0.5880641822116823,0.9386163481363987,0.7320490585221666,-0.015317341545691135
176,1.0438912216752025,0.12898789905643912,0.9081946120401461,0.0011610373826869212,0.5836657237678556,0.9333169466299799,0.7292739469142671,-0.01585597465660165
177,1.0438912216752025,0.129120449502681,0.915883340630716,0.0011444370767617284,0.5876343383564199,0.9375055242442214,0.7314692218746155,-0.016387606215467712
178,1.0438912216752025,0.12681434585524082,0.8991867836564492,0.001176294681272555,0.5769958850241017,0.9288625434930458,0.7272052100442122,-0.01691200146875897
179,1.0438912216752025,0.1307953417376931,0.9232230055517939,0.0011320422098415172,0.5929728656185108,0.9411436033312163,0.7332308252591355,-0.017428928858293898
180,1.0438912216752025,0.1319585797882832,0.9220841937814435,0.0011364924778184062,0.5935689229179142,0.9403148090720405,0.7327301054364754,-0.017938160123489377
181,1.0438912216752025,0.1274487588645313,0.919632800098747,0.0011345972221882322,0.5878324575249989,0.939766690887909,0.73284926021614,-0.018439470402154132
182,1.0438912216752025,0.12457723608948061,0.9015006329597455,0.0011672855512689893,0.5759111953449878,0.9305773702401291,0.7284498907649007,-0.018932638329781582
183,1.0438912216752025,0.1344420517769746,0.9489131662086961,0.001087606580314263,0.6094424381714798,0.9540068649983521,0.7395163618460411,-0.019417446137298126
184,1.0438912216752025,0.1341601129843608,0.9428650126454302,0.0010984566398215545,0.6061418476269866,0.9509524025430898,0.7381003582238506,-0.01989367974722386
185,1.0438912216752025,0.12691352988236856,0.9205785577363789,0.0011320793578729696,0.5877688484294945,0.9403784130955408,0.7334082146074721,-0.02036112886820316
186,1.0438912216752025,0.13072614898243376,0.9265916628444293,0.001126245549313589,0.5945851031793052,0.942902507996031,0.7344236064277305,-0.020819587087863432
187,1.0438912216752025,0.13310943278488188,0.9452930699932405,0.0010925734382342277,0.6063022545006193,0.9523874471245668,0.739085386051978,-0.021268851963960996
188,1.0438912216752025,0.13010038524920536,0.9132922344307294,0.0011521822076891728,0.5873225935684147,0.9359816903428019,0.7311289988636768,-0.021708725113773905
189,1.0438912216752025,0.13241095337113878,0.9239270309925597,0.0011338716559421626,0.5949414046953897,0.9412918076281837,0.7337394121628071,-0.022139012301702125
190,1.0438912216752025,0.1319764191841044,0.934881742232839,0.0011114004753424657,0.5999729905381952,0.9471556358555647,0.7368177065387773,-0.02255952352503655
191,1.0438912216752025,0.13010527009999376,0.9248451136400431,0.0011287257846209998,0.5930921898123258,0.9421735899900582,0.7345529460124871,-0.022970073097858815
192,1.0438912216752025,0.1346282407823994,0.9430584199263247,0.0010988798293408097,0.6067068906602321,0.951091713269264,0.7388066474208662,-0.02337047973303503
193,1.0438912216752025,0.13091555999603552,0.930255974494688,0.001118489557746472,0.5966027920222527,0.9450040139068984,0.7361681144604324,-0.02376056662226699
194,1.0438912216752025,0.13426514547734844,0.946732947154486,0.0010914785280617889,0.6081773583186223,0.9530821891738773,0.7400395914876521,-0.02414016151416581
195,1.0438912216752025,0.1304448743783698,0.9306725457279298,0.0011170425781092223,0.5963396685313893,0.9453372114375351,0.7366101348048536,-0.024509096790313257
196,1.0438912216752025,0.13210799808460089,0.9386211556143909,0.0011039791107321536,0.6019705654471623,0.9492494748284489,0.7385595385999145,-0.024867209539277336
197,1.0438912216752025,0.13431737200877628,0.9494391649086383,0.0010863904386458163,0.6095801496824184,0.95454447764125,0.7411454244202168,-0.025214341628549398
198,1.0438912216752025,0.13203913471982365,0.921310053111284,0.0011386896295809933,0.5932635060902561,0.9401671815978926,0.7342624860982029,-0.025550339774370975
199,1.0438912216752025,0.13150358891175004,0.9316582725900792,0.0011171522271505284,0.5978913013203648,0.9457406819207071,0.7372568289268323,-0.025875055609419613
200,1.0438912216752025,0.13393208767880946,0.950363360719977,0.0010838593120367605,0.6096556976948163,0.9551816803092626,0.7419392831668495,-0.026188345748323676
201,1.0438912216752025,0.13450332338047494,0.9420033905607337,0.0011007250035032297,0.6060553811625934,0.9507878089046555,0.7398812392158448,-0.026490071850977303
202,1.0438912216752025,0.1358695811731462,0.9688085610111122,0.001052533665565242,0.6208001285114849,0.964359440840815,0.7465756924140582,-0.02678010068362749
203,1.0438912216752025,0.13085143630732315,0.9298766319516528,0.0011194562863953213,0.5963494804263472,0.9450585596281902,0.7376228782250267,-0.0270583041777064
204,1.0438912216752025,0.13537880714177364,0.9530118066463553,0.0010812068068490539,0.6124253138683758,0.9564100471866889,0.7430762509527168,-0.027324559486382786
205,1.0438912216752025,0.12975609126069057,0.923922570195261,0.0011303384669987095,0.5922825455918205,0.9421076399096898,0.7365470121199194,-0.027578749038807734
206,1.0438912216752025,0.13078472384719256,0.9247440332096436,0.0011300648179611704,0.5937217728609949,0.9424279998547809,0.736821304803273,-0.02782076059203062
207,1.0438912216752025,0.13447857338127175,0.9521142767521947,0.0010810880071438558,0.611076255760941,0.9562361240692423,0.7436377743621225,-0.02805048728056244
208,1.0438912216752025,0.13249138253765763,0.9395064816602582,0.001103492166714284,0.6027963694511438,0.9499465122043789,0.7408223367408343,-0.028267827663564612
209,1.0438912216752025,0.13337386979580532,0.9380464254788153,0.0011068568836515302,0.6029505109770388,0.949164183362632,0.7406066218608709,-0.02847268576964238
210,1.0438912216752025,0.1362314941328606,0.9547445170840665,0.0010784032890776825,0.6141429543194327,0.9574444853096032,0.7447019379711762,-0.028664971139223096
211,1.0438912216752025,0.13444417728556535,0.9511508241899386,0.0010833563816534625,0.6105612675713614,0.9558361226733166,0.7442180577210331,-0.028844598864500602
212,1.0438912216752025,0.12731565261193561,0.9134289592552013,0.0011477971138955524,0.584604030796484,0.9372396707827155,0.735691916165624,-0.02901148962692815
213,1.0438912216752025,0.12772746970025364,0.9246473395751416,0.0011265715481054504,0.5906144252618771,0.9430474899085449,0.7387532373551439,-0.02916556973224321
214,1.0438912216752025,0.13350725529858581,0.9393731650384645,0.0011053427667081827,0.6037465092011721,0.9499398698934548,0.7419968744658411,-0.029306771143008805
215,1.0438912216752025,0.13555979023189743,0.9508685909910661,0.0010849764289690613,0.6115365739419151,0.9557270000249046,0.7449815440309016,-0.029435031508656936
216,1.0438912216752025,0.13297546324167445,0.9428213454723915,0.0010973215902464902,0.6049347967729934,0.9519479942587895,0.7435156719937345,-0.029550294193020802
217,1.0438912216752025,0.13674046271972187,0.9481552542647091,0.001092394208560333,0.6113642869563566,0.9541778905708919,0.7445649795193133,-0.029652508299343766
218,1.0438912216752025,0.1349172953069038,0.9460080258213279,0.0010937353027408844,0.6084681758689382,0.9534069600442272,0.7445709361664262,-0.029741628692753916
219,1.0438912216752025,0.13150098661944537,0.9335984936115851,0.0011137215296709013,0.5988570941900734,0.9474668124493092,0.7420960597624366,-0.029817616020194372
220,1.0438912216752025,0.13316610259775025,0.9503054570643349,0.0010831656718653816,0.6088604139658504,0.9559510551834071,0.7464296099170037,-0.029880436727800455
221,1.0438912216752025,0.13925335099612446,0.9694677958523017,0.0010548853685722582,0.6245146916065614,0.9649613812687085,0.7506515838164265,-0.029930063075716173
222,1.0438912216752025,0.13437516397517832,0.9480558080716327,0.001089329343822974,0.6089477326829061,0.9546890243137841,0.746213115502462,-0.02996647315034332
223,1.0438912216752025,0.13585326701832529,0.9537338233910808,0.0010803706449672612,0.6132603640363493,0.9574490402572934,0.7477203821588566,-0.029989650874017927
224,1.0438912216752025,0.13783436395783602,0.9573658678105864,0.001075671483958118,0.6170551336051083,0.9591207708555597,0.7486789604693179,-0.029999586012109693
225,1.0438912216752025,0.1379380406490635,0.9691237240086448,0.0010539830598123895,0.6230268941832922,0.9651161047585728,0.7518307518870221,-0.029996274177541332
226,1.0438912216752025,0.13077222236234207,0.9193507213119195,0.0011429232912702702,0.591019044663937,0.9403059953155946,0.740286151490522,-0.029979716832725753
227,1.0438912216752025,0.12703182789758888,0.9140455997230711,0.0011473972577603516,0.5846283263880045,0.9382167191883973,0.7398413250163125,-0.029949921288920312
228,1.0438912216752025,0.13445836221212978,0.9367948614789172,0.0011121708594177334,0.6034118783812973,0.9490682736864443,0.7449796787381275,-0.02990690070299839
229,1.0438912216752025,0.13814331648162298,0.9653379062409344,0.0010607962332113844,0.621342667718696,0.9633941176024692,0.7520834008787941,-0.029850674071639636
230,1.0438912216752025,0.13948662083510996,0.9704417391390413,0.0010528980561548872,0.6252339394327081,0.9658574817055987,0.7534627421906757,-0.029781266222941617
231,1.0438912216752025,0.13913750693175037,0.9661935753793769,0.0010608208198291343,0.6227647050313534,0.9637506564528431,0.7527223040529235,-0.029698707805456415
232,1.0438912216752025,0.12970177707360594,0.9262441641130995,0.0011264442439372297,0.5933870812521244,0.9444855329714362,0.7441751280580002,-0.02960303527465707
233,1.0438912216752025,0.13818001207659694,0.9585424106863241,0.0010739310794337963,0.6179881829594759,0.960089545856121,0.7515799367894278,-0.029494290876839892
234,1.0438912216752025,0.13444906006368443,0.9533738439434606,0.0010789536325371248,0.6116754588516833,0.9579989675841469,0.7511019568282155,-0.02937252263046968
235,1.0438912216752025,0.13413614378249766,0.9343319129167823,0.001116993049158446,0.601860596765468,0.9481656665878263,0.7465144492822707,-0.029237784304976117
236,1.0438912216752025,0.13428209519638143,0.9424857352871405,0.0011001697548203295,0.6060750477173619,0.9525007171846601,0.7489825185660652,-0.0290901353970107
237,1.0438912216752025,0.13628028863666544,0.9513636433347268,0.001085713882311383,0.6125049672451846,0.956825298688294,0.751245138205853,-0.028929641104174703
238,1.0438912216752025,0.1352455682162197,0.9489782302592702,0.0010887282097669976,0.6102790474507382,0.9558159076703737,0.7511295198847616,-0.02875637229622973
239,1.0438912216752025,0.1346251646157376,0.9518939942376361,0.0010820171055107024,0.6111131702873109,0.9574678014264965,0.7522866819687574,-0.028570405483803667
240,1.0438912216752025,0.13436133424896576,0.9471916782092369,0.0010909132402078558,0.6085026299736881,0.9551335954161916,0.751453966541611,-0.028371822784605698
241,1.0438912216752025,0.13832794443073854,0.9576225700217872,0.001076215607188348,0.6176773372452263,0.9599645075516473,0.7538201253775672,-0.028160711887165457
242,1.0438912216752025,0.13570229659371694,0.9496246525689864,0.001087883800452787,0.6110585647784366,0.9563099013266884,0.7525360859024167,-0.02793716601211224
243,1.0438912216752025,0.1345910904137966,0.9468633589909612,0.0010923298408654488,0.60856893482971,0.9550451773992947,0.7522652681938435,-0.0277012838710114
244,1.0438912216752025,0.13483205390074818,0.9520156436253429,0.0010821750758469141,0.6113809632513431,0.957745466590486,0.753890542517196,-0.027453169622776087
245,1.0438912216752025,0.13002025365780207,0.9219854877247178,0.0011374485354731813,0.5915817217878976,0.9427682607998966,0.7470472949024993,-0.02719293282767363
246,1.0438912216752025,0.13231547338178623,0.9256845472370306,0.0011331729278436968,0.5957243334642234,0.9444247127357406,0.7480074113991702,-0.026920688398946773
247,1.0438912216752025,0.13582816896751002,0.9437735430441453,0.001100727497613408,0.6082653042383893,0.9534421414501139,0.7525645314868,-0.026636556552071252
248,1.0438912216752025,0.13321141402840847,0.9206763723292993,0.0011460536193949463,0.5941226270027555,0.9416834473180666,0.7471146983276432,-0.02634066275167202
249,1.0438912216752025,0.13119397453628365,0.9184917374558346,0.0011467217234680262,0.5910132041259349,0.9409745308598981,0.747266799600422,-0.026033137656121565
250,1.0438912216752025,0.13190070329566855,0.9498592652099309,0.0010829062019671071,0.6073717890016176,0.9572966672232109,0.7556617966731467,-0.025714117059844898
251,1.0438912216752025,0.1334129226775114,0.9466341958336113,0.0010910107958793296,0.6072755259922568,0.9555225626552727,0.7550062165288013,-0.02538374183335655
252,1.0438912216752025,0.12841778362810571,0.9223044159298502,0.0011345247765294176,0.5901372539812956,0.9435633867668373,0.7496945993524263,-0.025042157861056083
253,1.0438912216752025,0.13513221993336416,0.9506697915956981,0.0010853163445647105,0.6110097739034955,0.9574684606702147,0.7564437614975799,-0.024689515976809698
254,1.0438912216752025,0.12462634522263973,0.8929834861985495,0.001193316943464238,0.5717147467936466,0.9286012563739916,0.7429453234793856,-0.024325971897346192
255,1.0438912216752025,0.1329869812072346,0.9425530676175499,0.00109869243991236,0.6048128612359657,0.9536791004067371,0.7553327019702036,-0.023951686153496878
256,1.0438912216752025,0.13757103380347036,0.9549543126718777,0.0010804793040361505,0.6155884297914272,0.9594585493990848,0.7581280263802476,-0.02356682401930967
257,1.0438912216752025,0.13056378251746684,0.9260704945016703,0.0011298904946880754,0.594163975015646,0.945497970866233,0.7520127537514785,-0.023171555439068705
258,1.0438912216752025,0.13348201192560988,0.9417639919500979,0.0011011508246014676,0.6049145833129596,0.9533463288569947,0.7560228632726835,-0.022766054952251757
259,1.0438912216752025,0.13417689684652703,0.9385544784518489,0.001109213077492069,0.6040087426111975,0.9515965429929151,0.7553780626245591,-0.022350501616458504
260,1.0438912216752025,0.13090784558688548,0.9229231802025241,0.0011377598222150442,0.592938315599255,0.9439058283311278,0.7520491589145051,-0.021925078928343736
261,1.0438912216752025,0.13540650273503466,0.9405161517932995,0.0011074529751248646,0.6062183051192468,0.9524991807761902,0.7563003819695512,-0.021489974742590363
262,1.0438912216752025,0.13443688622437416,0.939267704748632,0.0011085697146003266,0.6046250234559902,0.952046115222395,0.7564432655675196,-0.021045381188958143
263,1.0438912216752025,0.1325195983036527,0.9392250304193267,0.0011056218402811153,0.6026849244334566,0.9523664751071245,0.7570483061754568,-0.02059149458744454
264,1.0438912216752025,0.13476575054733606,0.9369595890409217,0.0011140601767086005,0.6038025751561512,0.9508857710733727,0.7564139944786168,-0.02012851536159535
265,1.0438912216752025,0.13329700339886044,0.9365041719627337,0.0011123877035342795,0.6021052832319944,0.9509495050954706,0.7568675147901592,-0.01965664795000332
266,1.0438912216752025,0.1349313919416455,0.9331855806162065,0.001122687858752502,0.6020855261791249,0.9489609571339247,0.7559937543697642,-0.019176100716033793
267,1.0438912216752025,0.13082086645652627,0.9261124694186922,0.0011309943808004341,0.5944425983562726,0.9459525838735408,0.7551136202854621,-0.018687085855817333
268,1.0438912216752025,0.13790915792697042,0.95760231638857,0.001075442877165278,0.617248037559838,0.961370744100352,0.7625303569757319,-0.018189819304549878
269,1.0438912216752025,0.13118711913104927,0.9240027785647517,0.0011370690742217796,0.593757042950536,0.9448120579375124,0.7550247180003351,-0.017684520641141854
270,1.0438912216752025,0.13053644872044753,0.9266414628138996,0.0011295853389552556,0.5944219727968749,0.9464122904375175,0.7561977576250241,-0.017171412991258274
271,1.0438912216752025,0.13004664624228143,0.9280544596055808,0.0011261367981132036,0.5946369444441284,0.9472434540439492,0.7569093155486886,-0.01665072292879276
272,1.0438912216752025,0.12878380236715348,0.9215186715052941,0.0011388670013846352,0.5901125716204929,0.9439992670189209,0.7556204187395609,-0.016122680375818897
273,1.0438912216752025,0.13403131875339414,0.9289519109880056,0.001131698104448803,0.5990731232996214,0.9471184036122706,0.7570094379860294,-0.01558751850106303
274,1.0438912216752025,0.13191752575395663,0.929183253663318,0.0011268306619571606,0.5970725679165942,0.9476900797763211,0.7577832508434762,-0.015045473616943647
275,1.043933315499294,0.12997583970617724,0.927722134976567,0.001127066595869541,0.5944004404923955,0.9472452628590136,0.757968637641436,-0.014496785075222368
276,1.043933315499294,0.13381394457376886,0.9365288232295074,0.0011138263648012925,0.6026352693709232,0.9513607830125537,0.7600029277930587,-0.013941695161313052
277,1.043933315499294,0.13000100147932683,0.9268760778948003,0.0011292583321497799,0.5940036695928019,0.946862877363542,0.7582743736121499,-0.013380448987295237
278,1.043933315499294,0.13713989281270805,0.9501532664882135,0.0010900742007963675,0.612761563157213,0.958044718293842,0.7635746742748974,-0.012813294383679643
279,1.043933315499294,0.13509605115102016,0.9437108891383497,0.0011002934280539606,0.607501642434222,0.9550629006286825,0.7625127311660445,-0.012240481789973178
280,1.043933315499294,0.13150757930433882,0.9264581171949082,0.0011328095888738438,0.5953030426962298,0.9465393441901393,0.7587261672156099,-0.01166226414409189
281,1.043933315499294,0.1324582772038194,0.9253385919309615,0.001136929113722535,0.5956960377261614,0.9458426488157835,0.7585344244954088,-0.011078896770670728
282,1.043933315499294,0.13183930690368031,0.9343299550743882,0.0011163838609925948,0.5995624763713707,0.9506822853653416,0.7612477114747999,-0.01049063726831929
283,1.043933315499294,0.13370439446230245,0.9386497642202688,0.0011095391851677766,0.6035840461650207,0.9527458174772941,0.7623883999501472,-0.009897745395873651
284,1.043933315499294,0.133215004295082,0.928552264886957,0.0011313632778297393,0.5980568183774754,0.9475226288124243,0.7600060110507284,-0.009300482957694103
285,1.043933315499294,0.12931771209877455,0.9171731564479686,0.0011514034395778913,0.5884799920425478,0.94205856872006,0.7577252265277332,-0.008699113688059716
286,1.043933315499294,0.12446015789808489,0.8964704636366848,0.001190317675855816,0.5732905485543552,0.9318437173926252,0.7531388755611789,-0.008093903134710732
287,1.043933315499294,0.1299863110559589,0.9215388398859484,0.0011417383213796742,0.5913266001596229,0.9444277173885006,0.7593614226242428,-0.007485118541590129
288,1.043933315499294,0.12516856981342478,0.8940456050467485,0.0011977306862616204,0.5727902376799299,0.9304772308000148,0.7527804777413303,-0.006873028730836249
289,1.043933315499294,0.13237064614713978,0.9322272899419443,0.001121775459311457,0.5990451788477676,0.9497814374529014,0.7622949598743746,-0.0062579039840784875
290,1.043933315499294,0.13243341497297573,0.9228567185911564,0.001143240354860074,0.5944333944459839,0.9448360184877751,0.759969920278982,-0.005640015923088543
291,1.043933315499294,0.1322195843002181,0.9307819143096177,0.001124612178771629,0.5981728475444127,0.9491257557309579,0.762381616465256,-0.005019637389839893
292,1.043933315499294,0.12955562305407967,0.911335472956949,0.001165014925603713,0.5858058669953561,0.9392044676340466,0.7577106256008834,-0.004397042326028449
293,1.043933315499294,0.13016032428828989,0.9060674103152138,0.0011790725264127584,0.5837835657091032,0.9362697532005546,0.7563018314315102,-0.003772505652107651
294,1.043933315499294,0.12727512368649216,0.901996560495953,0.0011835399104346413,0.578865173889686,0.9345823211178877,0.7558622222651,-0.0031463031458912245
295,1.043933315499294,0.128149068720368,0.9114692587455806,0.0011622126901162193,0.5844648044382164,0.939606591396538,0.7585869760968057,-0.002518711320777621
296,1.043933315499294,0.13309525858611324,0.9237494954683065,0.001142901122199997,0.5955414568813665,0.9453663574527785,0.7612653336031503,-0.0018900073036493801
297,1.043933315499294,0.13134083735825292,0.9191051454721187,0.0011508905188374735,0.5914688553537311,0.9431752327508667,0.7604427738316695,-0.001260468712501725
298,1.043933315499294,0.13298230337621716,0.9317687545147253,0.0011247167330008137,0.5994290390000803,0.9496645911548466,0.7637730384972257,-0.0006303735338542716
299,1.043933315499294,0.12685745157541126,0.8929743054853123,0.0012053155673928395,0.5739472621017638,0.9298786583025277,0.7542488568202277,-7.347880794884118e-18
